{
  "particles": {
    "number": {
      "value": 90,
      "density": {
        "enable": true,
        "value_area": 1200
      }
    },
    "color": {
      "value": "#ffffff"
    },
    "shape": {
      "type": "circle",
      "stroke": {
        "width": 0,
        "color": "#dddddd"
      },
      "polygon": {
        "nb_sides": 4
      },
      "image": {
        "src": "img/github.svg",
        "width": 100,
        "height": 100
      }
    },
    "opacity": {
      "value":  0.9219619349976756,
      "random": false,
      "anim": {
        "enable": true,
        "speed": 1.0556403676876611,
        "opacity_min": 0.15428589989281202,
        "sync": false
      }
    },
    "size": {
      "value": 7,
      "random": true,
      "anim": {
        "enable": true,
        "speed": 5,
        "size_min": 0.1,
        "sync": false
      }
    },
    "line_linked": {
      "enable": true,
      "distance": 230,
      "color": "#dddddd",
      "opacity": 0.3687847739990702,
      "width": 2
    },
    "move": {
      "enable": true,
      "speed": 4.810236182596568,
      "direction": "top-right",
      "random": false,
      "straight": false,
      "out_mode": "out",
      "bounce": false,
      "attract": {
        "enable": false,
        "rotateX": 2084.43567912518,
        "rotateY": 2084.43567912518
      }
    }
  },
  "interactivity": {
    "detect_on": "canvas",
    "events": {
      "onhover": {
        "enable": false,
        "mode": "repulse"
      },
      "onclick": {
        "enable": false,
        "mode": "push"
      },
      "resize": true
    },
    "modes": {
      "grab": {
        "distance": 400,
        "line_linked": {
          "opacity": 1
        }
      },
      "bubble": {
        "distance": 400,
        "size": 40,
        "duration": 2,
        "opacity": 8,
        "speed": 3
      },
      "repulse": {
        "distance": 200,
        "duration": 0.4
      },
      "push": {
        "particles_nb": 4
      },
      "remove": {
        "particles_nb": 2
      }
    }
  },
  "retina_detect": true
}